Number,SampleID,DNASequence
1,001,TX11ZAXZGA21N
2,002,TATAGGACG
3,003,CTACTGCTGGGG
4,004,TTGCAGGT
5,005,ZN2CNCX1CZ1CN
6,006,ATTATGGGTGACTT
7,007,ACTGGGGAAG
8,008,TGTGACTCT
9,009,ACGCATCGCCATTAG
10,010,GTTCCAGT
11,011,TC2AZNA2CGG2XAZ
12,012,XTGGGT1A1NNTA
13,013,CGAAAGGCCACTGG
14,014,GGCCCACCGCGCG
15,015,AAGCCGTGCT
16,016,2NTNXGGAATA
17,017,ZACCC1ZGC1ZAA2A
18,018,GNAAZNZ2CZ
19,019,ATTGCCTC
20,020,GGTGAATTAACGCG
21,021,GTACTCACAA
22,022,AGTCTTTCAACTC
23,023,AGTTAATAGTCTC
24,024,TGGGACCTGTCGTTC
25,025,11AZ12GGZT
26,026,AGCTGCTCCGGACGT
27,027,TACAATTGGCAATCG
28,028,AGGGGGCCGTCTGT
29,029,GTGAGTGTGCTA
30,030,CGCAAGGCCATGCG
31,031,NXZ1N2GG
32,032,GX2ACTZX1G22C
33,033,CTTCCATCTATGT
34,034,ATAATCCCCCCA
35,035,XZ2NANCZTCX
36,036,GTGTGCATCGTTT
37,037,ATGACAAGAA
38,038,GATGACTCCGTC
39,039,ACTTCCGCC
40,040,XTX1GGGC
41,041,TCAATTAAGATTG
42,042,AGTTCTTTCTG
43,043,TAGAAGTCGTT
44,044,XCZTNNAXXZTTGZ
45,045,GGTCGGGATC
46,046,AAACGGAGGACGA
47,047,CAGCGCTATG
48,048,TAGGAAGAAAAG
49,049,CCGTGTTCACGCG
50,050,CTAATGGTTTGAT
